recipient,amount PPT owed (18 decimals),amount deposited of USD,amountPPT
0x82fd7cbdc32ab2c561b7f785511252c2fff787a5,0.00,$0.00,0.00
0xcec6bf0d3419ca8a74e0f20cb764a6f6cabf3937,"250,000,000,000,000,000,000.00",$50.00,250.00
0x8e686bf0591bdc911f160d206dbebefd35502ec7,"1,220,000,000,000,000,000,000.00",$244.00,"1,220.00"
0xe1b8ebfc9196fa4341d564b9d8b8df81f9e9d0ed,"500,000,000,000,000,000,000.00",$100.00,500.00
0x756addd4b72d40e9f119b459fc2d939035928bd6,"250,000,000,000,000,000,000.00",$50.00,250.00
0xb51c9bb09d61286e126a5c3cbf0c6b29d36c44c2,"1,000,000,000,000,000,000,000.00",$200.00,"1,000.00"
0xcb63d4930dde17e1156a341cba3735a3d8caffc7,"260,000,000,000,000,000,000.00",$52.00,260.00
0xb578bb023a7d5b48202494645d6fedcb784f066a,"25,000,000,000,000,000,000,000.00","$5,000.00","25,000.00"
0xdd8fe5c6165a885e6b408f4d2f306fb7ab015f38,"250,000,000,000,000,000,000.00",$50.00,250.00
0xc707fc7ba9092354e858cf4ea84595106c693e47,"500,000,000,000,000,000,000.00",$100.00,500.00
0xc1e153bda003e9764549bac71af0cf5aa0d2e3c6,"505,000,000,000,000,000,000.00",$101.00,505.00
0xaea9c895d31ab1f669ce333fa8db550305efba6e,"250,000,000,000,000,000,000.00",$50.00,250.00
0x98cdac91b9ca91dd07b3420434d604ddaa706ab0,"280,000,000,000,000,000,000.00",$56.00,280.00
0xed01e1ea368400a62d10bc0f2150e7b0863d8294,"250,000,000,000,000,000,000.00",$50.00,250.00
0x0b5e99fc7dfb2b8a63366fa654baf285c574165a,"250,000,000,000,000,000,000.00",$50.00,250.00
0x73a3DA680Bb948ae23F8d6f6CdF74ECbC30925b8,"19,573,450,000,000,000,000,000.00","$3,914.69","19,573.45"
0x6A9fda7dB038ff821bab6725169aa69f24EEd30d,"24,434,650,000,000,000,000,000.00","$4,886.93","24,434.65"
0x86d877145F8266a432e686480A25Aea990D72fc4,"10,805,000,000,000,000,000,000.00","$2,161.00","10,805.00"
0x2aA66d39435296F3d2650412F1D75C3065534270,"9,115,000,000,000,000,000,000.00","$1,823.00","9,115.00"
0x8741bfAefE44fb99e1b1609F6319632834d6c85F,"7,235,000,000,000,000,000,000.00","$1,447.00","7,235.00"
0x59E8B548328cf6C1DeaC2df9ff94985C92f5BD78,"17,315,000,000,000,000,000,000.00","$3,463.00","17,315.00"
0x959D1b7617C237E15cA6557D6D0B49F710518bDA,"8,015,000,000,000,000,000,000.00","$1,603.00","8,015.00"
0xCB0035107EFA1627f1a096a9B8412825Af74e918,"22,685,000,000,000,000,000,000.00","$4,537.00","22,685.00"
0xE85F5911aAb18A37DA7F6f7E265865b82F2449EB,"25,000,000,000,000,000,000,000.00","$5,000.00","25,000.00"
0xAb3cc14673ADf74981E3DCB0217D6e6ea5276725,"20,825,000,000,000,000,000,000.00","$4,165.00","20,825.00"
0x5adb4ce193f60595d99c86040286a80f6a93541c,"250,000,000,000,000,000,000.00",$50.00,250.00
0xBF66d7577BD9E7B60c655208C569267E3A4AfC8A,"18,805,000,000,000,000,000,000.00","$3,761.00","18,805.00"
0x4b4864C8053Dc87B6Dc7Eb5D539165CFaE179D6B,"15,175,000,000,000,000,000,000.00","$3,035.00","15,175.00"
0x8b2fc26A1eE9199694FE3A20F2D08B330639Cf6E,"17,915,000,000,000,000,000,000.00","$3,583.00","17,915.00"
0x703a513e160976ab8c0E9F0Afc3CEfbcDD41dB83,"10,095,000,000,000,000,000,000.00","$2,019.00","10,095.00"
0xD31dF995a0A511b0dB2c3f24c4FbbF08F03CA314,"715,000,000,000,000,000,000.00",$143.00,715.00
0xa76068AD9d7Ac3228f5566C7818641715eEd1C2a,"16,115,000,000,000,000,000,000.00","$3,223.00","16,115.00"
0x3031DB6A1d577d30f538Eb127914de2D84c130aF,"25,000,000,000,000,000,000,000.00","$5,000.00","25,000.00"
0xa0a4BE5a61A27Ee7a06a02012C38c688eeE5336f,"8,115,000,000,000,000,000,000.00","$1,623.00","8,115.00"
0xd892158439353C551C07C8f19590bA28DeA249a9,"6,465,000,000,000,000,000,000.00","$1,293.00","6,465.00"
0x82E180562273980c039E1dd7d0BF7f82100026BC,"13,735,000,000,000,000,000,000.00","$2,747.00","13,735.00"
0x344A0DE0f43045d8aD4A09Dd6360A0806CaF6E5b,"14,495,000,000,000,000,000,000.00","$2,899.00","14,495.00"
0xDD70eD4C53bd5EB4FCd2036329BC67DAf3C99e81,"9,170,000,000,000,000,000,000.00","$1,834.00","9,170.00"
0x1cFE3AA7928c2C12461a62124A81d7aF2E714C52,"12,425,000,000,000,000,000,000.00","$2,485.00","12,425.00"
0x8087b5aAaE1221FDCc21516781B87fD044874b31,"12,065,000,000,000,000,000,000.00","$2,413.00","12,065.00"
0xcF7cDCEA6157C9f02dAC0099a861D48C84875f12,"6,270,000,000,000,000,000,000.00","$1,254.00","6,270.00"
0x8b2eC3c85e3e8304C4BbD217cC510f3647E6b5f4,"7,630,000,000,000,000,000,000.00","$1,526.00","7,630.00"
0xA865a9fd91c2553dB3285BbC03fb7394Cf4bEb42,"14,995,000,000,000,000,000,000.00","$2,999.00","14,995.00"
0x298F4aE313403deca8B547d559A72FF05F2258C9,"2,605,000,000,000,000,000,000.00",$521.00,"2,605.00"
0x871A5b36b8f569890DA580AF7503521a6E6169a7,"13,025,000,000,000,000,000,000.00","$2,605.00","13,025.00"
0x488028B68F21C1e353429A6D77482240ea279195,"1,785,000,000,000,000,000,000.00",$357.00,"1,785.00"
0xe52e83e978b2ee613930fe9C9775EA4FBF0Be23c,"13,070,000,000,000,000,000,000.00","$2,614.00","13,070.00"
0x40E493B5BAd7a143C286c0bBcbe306378f622077,"9,740,000,000,000,000,000,000.00","$1,948.00","9,740.00"
0xE9C79e171FC3899a1c7594733D9C806f04dFEcE2,"3,810,000,000,000,000,000,000.00",$762.00,"3,810.00"
0xCC4797A0ab16a9c12C194b4EcA5cCB57c54a9D60,"11,875,000,000,000,000,000,000.00","$2,375.00","11,875.00"
0x3a6Ec4f57780FE906CeA045A3De571C5bb00f498,"8,145,000,000,000,000,000,000.00","$1,629.00","8,145.00"
0xc1fDDeD509E4a65719753c3F61b6796643493D05,"5,645,000,000,000,000,000,000.00","$1,129.00","5,645.00"
0x8AD3269c54315252B271CB837410113c754ECD60,"10,315,000,000,000,000,000,000.00","$2,063.00","10,315.00"
0xf9Fe4AB91208C3914B280e3c486999bE81ef3096,"4,240,000,000,000,000,000,000.00",$848.00,"4,240.00"
0x661a1876E4b4a3a948D79213F5c9edD5938A44E8,"6,605,000,000,000,000,000,000.00","$1,321.00","6,605.00"
0xC68a061E16406ae08404C00D15a7B35654b1a84F,"13,995,000,000,000,000,000,000.00","$2,799.00","13,995.00"
0x9B1D55AC564745a9aFD66d3a09657F3b456FD5Ae,"11,255,000,000,000,000,000,000.00","$2,251.00","11,255.00"
0xca8EAC45d018A886EA54a59D16cAec4ED464a742,"7,495,000,000,000,000,000,000.00","$1,499.00","7,495.00"
0x1E8120d27DEBD7605B1107e38E6c7cC52842F920,"495,000,000,000,000,000,000.00",$99.00,495.00
0xeb17b18d1c1503e6f090fc15c2318903d0a906f2,"1,005,000,000,000,000,000,000.00",$201.00,"1,005.00"
0x19a94BaFB59E19fFD0c61BB2ea10b3AaC0c8FFd0,"300,000,000,000,000,000,000.00",$60.00,300.00
0x6e3f7db5390e393ad1b5e46a1046bb2ce8ff974e,"250,000,000,000,000,000,000.00",$50.00,250.00
0x5a32e5ca415a53654d4d17a45d30faf50e4f09c7,"250,000,000,000,000,000,000.00",$50.00,250.00
0xdbf914930bd67033b258341d394515c88a2ef666,"250,000,000,000,000,000,000.00",$50.00,250.00
0xf36a8d525a1e2ed3d1abddfba5a950c1ababf6cd,"735,000,000,000,000,000,000.00",$147.00,735.00
0x7dbe1741295e4ec99770ca120d31d4f774d59ac4,"1,000,000,000,000,000,000,000.00",$200.00,"1,000.00"
0xf79bac4615fe8631685749ca6b7ba22ba8c16a90,"250,000,000,000,000,000,000.00",$50.00,250.00
0x6125e3c54a0c93090261948dd33e89cd29b205b5,"600,000,000,000,000,000,000.00",$120.00,600.00
0xd7cd1a2df715abaac7b81e001cc3b063e2022fee,"310,000,000,000,000,000,000.00",$62.00,310.00
0xf3837fc9a1c4702cd5e3e3703369ae2f0dac449c,"250,000,000,000,000,000,000.00",$50.00,250.00
0x1d1a547b52f26cb7041065544836fbfa8043b6da,"515,000,000,000,000,000,000.00",$103.00,515.00
0x88e85316a246b9e57a25a3481af990d262cad4b3,"250,000,000,000,000,000,000.00",$50.00,250.00
0x7db064cce4faed858e81a18f3fb292e48ff625e6,"250,000,000,000,000,000,000.00",$50.00,250.00
0x9447a25b2a4487b301915a9fe7b4bc5653fb4c18,"250,000,000,000,000,000,000.00",$50.00,250.00
0x16fe7c393db52dd369e70e64d817c600687548cb,"2,020,000,000,000,000,000,000.00",$404.00,"2,020.00"
0xe8bb740ad2ca00fa1e7e325b34b7ccb1b20b24f8,"3,400,000,000,000,000,000,000.00",$680.00,"3,400.00"
0x98781eccbe2958390b0d3e68c7a7ff77a5f69bf0,"3,145,000,000,000,000,000,000.00",$629.00,"3,145.00"
0x119a468dea5fa18e676587a6cf8e0cb4898cbab9,"315,000,000,000,000,000,000.00",$63.00,315.00
0xa1772b3b2d91cd3e235d7bd7e5f3ca77dc97c802,"255,000,000,000,000,000,000.00",$51.00,255.00
0x88546b8c7413dc1078fd56f9edabdaffcf492809,"350,000,000,000,000,000,000.00",$70.00,350.00
0xec461bd577e7d5a4c9a69d1a28d1fe880ae6e206,"1,500,000,000,000,000,000,000.00",$300.00,"1,500.00"
0x5cD3a8555749d1da6f1321d13A230158FCE28205,"950,000,000,000,000,000,000.00",$190.00,950.00
0xc42304722aDB2071d36ca5C5618aA9E82c28E140,"605,000,000,000,000,000,000.00",$121.00,605.00
0x0425d6AB6Ea4a0F657e27F626640a6d708a2Df48,"1,730,000,000,000,000,000,000.00",$346.00,"1,730.00"
0xa18156F2C4E1404b050968289a7377d37d1C22A5,"605,000,000,000,000,000,000.00",$121.00,605.00
0xE543Ac4d8b09AcbF6cF8782b251c11C8C3794F7F,"430,000,000,000,000,000,000.00",$86.00,430.00
0x748903c564923e421c247c8ebfDB16B7330BE1DF,"405,000,000,000,000,000,000.00",$81.00,405.00
0x1D6c32059589470E9f99D23900A9aA5f2BdFB7a0,"1,905,000,000,000,000,000,000.00",$381.00,"1,905.00"
0xc5A38CAC08B0407ae7a7Ff81b4Eeb9362DEe2Aac,"1,775,000,000,000,000,000,000.00",$355.00,"1,775.00"
0xF6CfD27ff192FFF09e7c4d040b356b92FB4b1D6d,"1,285,000,000,000,000,000,000.00",$257.00,"1,285.00"
0x3C0B565af77799301995B7413ec4DACe084D375b,"1,790,000,000,000,000,000,000.00",$358.00,"1,790.00"
0xfe335BacEE5586870dcB18f5D80B2984B0A4306A,"1,725,000,000,000,000,000,000.00",$345.00,"1,725.00"
0x9b182358BEF7293E5F7a2Eb0cAc71bef7803b884,"1,760,000,000,000,000,000,000.00",$352.00,"1,760.00"
0x2EB63aAd7d4c2578103cEC4097e834CD26155490,"1,730,000,000,000,000,000,000.00",$346.00,"1,730.00"
0xD10A3b35233aB0c3336F85A02Ca39b67f612e7D8,"1,105,000,000,000,000,000,000.00",$221.00,"1,105.00"
0x829D8fb95588F2E63baECFd12BED6d577779dB37,"1,930,000,000,000,000,000,000.00",$386.00,"1,930.00"
0xF136F3e48771371F4f39C80bAe891D53084728A6,"430,000,000,000,000,000,000.00",$86.00,430.00
0x4aF9efD2b5e5F5dc3B8F7e496167638b6649fea3,"545,000,000,000,000,000,000.00",$109.00,545.00
0xad55396f0525484755F6044554005318fBaB8cD1,"460,000,000,000,000,000,000.00",$92.00,460.00
0xB0B019600C678B1E96eC800BD04628fD7d82993b,"1,790,000,000,000,000,000,000.00",$358.00,"1,790.00"
0xE6AA603D8b1a199678957644CB45E5f06fC9Bf74,"1,200,000,000,000,000,000,000.00",$240.00,"1,200.00"
0x539C909a2547B9460ac34714C56e4CdC43ae1035,"1,085,000,000,000,000,000,000.00",$217.00,"1,085.00"
0x5a63943cE946cD02cb1fC0bE3E3780678A1Ff3e8,"1,965,000,000,000,000,000,000.00",$393.00,"1,965.00"
0xC7Be0724FA73D165B97fc7F55f62ae391543ee84,"995,000,000,000,000,000,000.00",$199.00,995.00
0x2C0f87E78e850e9c438112711c0295a8e371450E,"1,220,000,000,000,000,000,000.00",$244.00,"1,220.00"
0x9bB349015f0076925cAe608c4b298EaA6fF1B1FF,"495,000,000,000,000,000,000.00",$99.00,495.00
0x0B9EF61b2e825d902b882a6eCCA4fBc8bE411a89,"1,710,000,000,000,000,000,000.00",$342.00,"1,710.00"
0x14E356b6D00cD23E1D79b2b7647DD0E905610F7c,"1,760,000,000,000,000,000,000.00",$352.00,"1,760.00"
0xfee1e6135653FcA7afefDa8ed43109bca5D87273,"1,885,000,000,000,000,000,000.00",$377.00,"1,885.00"
0x89c49C08bEbC26512f9c63055498b54C904b3374,"2,000,000,000,000,000,000,000.00",$400.00,"2,000.00"
0x61EF093DAfDdb866C320562725aa9885Eb3E2425,"650,000,000,000,000,000,000.00",$130.00,650.00
0xF0190e0AD467B3417ded7ef5805f05247Aaa1081,"2,080,000,000,000,000,000,000.00",$416.00,"2,080.00"
0xCfF25Cc7411454EA40e1e52e828d659e4b8E0fF5,"1,720,000,000,000,000,000,000.00",$344.00,"1,720.00"
0x27239d73ef4de7019ec52d764164deb1812C7F23,"1,615,000,000,000,000,000,000.00",$323.00,"1,615.00"
0x6f3b712fa4e3D657a34dc6Ef7FF37813af09b74e,"1,675,000,000,000,000,000,000.00",$335.00,"1,675.00"
0xd62D76212c8945950Af81bdb818572CC21621AE0,"960,000,000,000,000,000,000.00",$192.00,960.00
0xEA21063B7962ae2634bC40dC12EC6C65C9E854e8,"1,280,000,000,000,000,000,000.00",$256.00,"1,280.00"
0xd9494c4B00d2f20ccc67BabFCB1725AF9Ad54bF5,"1,600,000,000,000,000,000,000.00",$320.00,"1,600.00"
0x7d50cdF644f7669537D1B159405aed9820e3bbcD,"1,955,000,000,000,000,000,000.00",$391.00,"1,955.00"
0x40247a437B94D4A8283FE44D5338b64E106EdF62,"440,000,000,000,000,000,000.00",$88.00,440.00
0x24898018f1f2d21B2708B3d444834957aa96b244,"1,295,000,000,000,000,000,000.00",$259.00,"1,295.00"
0x4D30209BD2592A63Ed693Ba95C990Fb5F447FDa8,"1,605,000,000,000,000,000,000.00",$321.00,"1,605.00"
0xc79e9457b743f035ecd495389b3c8d6133525413,"705,000,000,000,000,000,000.00",$141.00,705.00
0xa4046e17672fC3E45a9B34853894073D13201a36,"1,110,000,000,000,000,000,000.00",$222.00,"1,110.00"
0xb60821b87A045Ceb294827aD65305CB0fBaf1208,"3,100,000,000,000,000,000,000.00",$620.00,"3,100.00"
0xBfd3307E24F614E06961398eC144B8beB9b5e637,"2,140,000,000,000,000,000,000.00",$428.00,"2,140.00"
0xa1f6095d7F844F8aE67F677575Da7c7bd079F4ad,"2,495,000,000,000,000,000,000.00",$499.00,"2,495.00"
0x155d2427D3188D90662f346b22B003f83afa0EeD,"3,040,000,000,000,000,000,000.00",$608.00,"3,040.00"
0xa9317ec78F3a64ba1c24Ba4DFC405061A3F24349,"1,830,000,000,000,000,000,000.00",$366.00,"1,830.00"
0x0f3e30b8259A5C0aD05a7CA076740ec7F1a07b10,"4,890,000,000,000,000,000,000.00",$978.00,"4,890.00"
0x1948F2caA833025d2E2d420c414aC3ce191Dc9c5,"6,105,000,000,000,000,000,000.00","$1,221.00","6,105.00"
0x61A31c44088B2E67f043cd9C52B82E50d6A761A3,"2,695,000,000,000,000,000,000.00",$539.00,"2,695.00"
0xe0F06D626dBA683388f7449D3cb40C023899E146,"2,275,000,000,000,000,000,000.00",$455.00,"2,275.00"
0x4c0c0ca9f8F69D7bD5dF9bC751c947c15c709B65,"1,805,000,000,000,000,000,000.00",$361.00,"1,805.00"
0x2f10Ed7E6630a8eea3d95326f804f4327409cEaf,"4,325,000,000,000,000,000,000.00",$865.00,"4,325.00"
0xEd178B1b674e70Dd53e6F69701caa153aC9a7be7,"2,000,000,000,000,000,000,000.00",$400.00,"2,000.00"
0x93C716E727c2BCeF8132D2fF4498C9a0c6397899,"5,665,000,000,000,000,000,000.00","$1,133.00","5,665.00"
0x7d3F927d7F5570bED84a5F51C71e47eeF0312aEc,"6,595,000,000,000,000,000,000.00","$1,319.00","6,595.00"
0x7c237aa3eEe1A02233bc6a789f74eA6b9D231127,"5,200,000,000,000,000,000,000.00","$1,040.00","5,200.00"
0x2FD6C5d095E1291952a1858dD62941315EEe54F3,"4,695,000,000,000,000,000,000.00",$939.00,"4,695.00"
0xFA7953FA29e982832017a6f136b430D258111ef7,"3,790,000,000,000,000,000,000.00",$758.00,"3,790.00"
0x0712ff696b08946839979708D5701A3A18649353,"4,475,000,000,000,000,000,000.00",$895.00,"4,475.00"
0x7b9dd175e1c2D2e84659339a1D4a5C39fB4719b9,"2,520,000,000,000,000,000,000.00",$504.00,"2,520.00"
0x2ffaA1E981c55d1420cf0ffF03AfeF743c118ef7,0.00,$0.00,0.00
0x9FA6A26Eef928E33D06FCA4317F0F34866a3174D,"4,025,000,000,000,000,000,000.00",$805.00,"4,025.00"
0x00Bf9444F64b63F474f8833E0573bec96BCa1cCa,"6,330,000,000,000,000,000,000.00","$1,266.00","6,330.00"
0x686D700429df5F8F9cAf4E26ced8E24b19A0CEC9,"2,025,000,000,000,000,000,000.00",$405.00,"2,025.00"
0xe53F7B5d23763D4edE7f9746cB0ec6283CA2E1BE,"1,610,000,000,000,000,000,000.00",$322.00,"1,610.00"
0x2c65A5a808450751F55AaA105ab84Ee52CF201FF,"3,430,000,000,000,000,000,000.00",$686.00,"3,430.00"
0xB3fd920d64565BCB1598F2e8aF707788389228A0,"7,245,000,000,000,000,000,000.00","$1,449.00","7,245.00"
0x4c8CDd7d5E8399EBF07a41b9feF66a91fc8bdb16,"4,580,000,000,000,000,000,000.00",$916.00,"4,580.00"
0xB004D89f2261a778DdA0656D0525DAD5ba95b5bD,"6,210,000,000,000,000,000,000.00","$1,242.00","6,210.00"
0xd7A490D7Bf95B4E61D59e3e1c8B8943dab51872e,"3,010,000,000,000,000,000,000.00",$602.00,"3,010.00"
0xF9D85652AC13fD2d4f0935eF01d8122534abdA4d,"3,130,000,000,000,000,000,000.00",$626.00,"3,130.00"
0xff22bA098eBdBB54c02fd0Df45f8D05530dA6891,"3,810,000,000,000,000,000,000.00",$762.00,"3,810.00"
0x6Af11f143CCF2ec9eDD6cd730633780f5423EC54,"7,495,000,000,000,000,000,000.00","$1,499.00","7,495.00"
0x162D15DF3cBb61D1Bf59dd8bdB2dC0f2D67df8aB,"1,300,000,000,000,000,000,000.00",$260.00,"1,300.00"
0x9013cECe9C3f5948a809752833ac04402275739E,"6,510,000,000,000,000,000,000.00","$1,302.00","6,510.00"
0x699b50650f5465f395cc81127260F08521aB8C29,"440,000,000,000,000,000,000.00",$88.00,440.00
0x32A26F2381F5275456433d1538D3d3D43D4169C2,"6,530,000,000,000,000,000,000.00","$1,306.00","6,530.00"
0xA30477359fc48cDde1cb78Fe75BBA57C9C089fef,"4,865,000,000,000,000,000,000.00",$973.00,"4,865.00"
0x420f4EeC80AEbe6C9dB842BD769e8Bf2241b6692,"1,900,000,000,000,000,000,000.00",$380.00,"1,900.00"
0xEdCACC97c4FecB9ED87D887F19dD987476f9AFB4,"5,935,000,000,000,000,000,000.00","$1,187.00","5,935.00"
0x09D3B9dE3d0036d78a895D115bBfE279C1bBb9eA,"4,070,000,000,000,000,000,000.00",$814.00,"4,070.00"
0x6655c0eBA3fcc6a90960f0EC9752eA2EAb0E6318,"2,820,000,000,000,000,000,000.00",$564.00,"2,820.00"
0x3bDA755B5f4779a439BEEab4A3999038a477c681,"5,155,000,000,000,000,000,000.00","$1,031.00","5,155.00"
0x5b620F23b03186B3f09F333044DCD9ad2c5117fd,"2,115,000,000,000,000,000,000.00",$423.00,"2,115.00"
0xabE52e27F81c9841a1Da35929EC1A3A2C59AE33d,"3,300,000,000,000,000,000,000.00",$660.00,"3,300.00"
0x04181151857c219F581B1dA8d7437209646EF5D6,"6,995,000,000,000,000,000,000.00","$1,399.00","6,995.00"
0xdA34733377f5b70d55131cfCB3726654171A9059,"5,625,000,000,000,000,000,000.00","$1,125.00","5,625.00"
0x6Cd3e39643Bc48Cb51d4F1a349c0F6fBCe54beF6,"515,000,000,000,000,000,000.00",$103.00,515.00
0x55c9DEF2Eb1B373081B9008418d17Bc9b8C13ad5,"3,145,000,000,000,000,000,000.00",$629.00,"3,145.00"
0x5787c3fD3C47043cec7A6d1aCA637f93B48D9f15,"710,000,000,000,000,000,000.00",$142.00,710.00
0x3934845367aC0502038F89a3d49358E7A9F65fe8,"675,000,000,000,000,000,000.00",$135.00,675.00
0x9bb5B3db3b699F6a2C95a31A1628A755fc593799,"780,000,000,000,000,000,000.00",$156.00,780.00
0x36249F36EDb4AB9b556822152565Df4617A98b5c,"585,000,000,000,000,000,000.00",$117.00,585.00
0x34a32193A73334f993cF5D20E937f2225447f735,"485,000,000,000,000,000,000.00",$97.00,485.00
0x4D2f4954a30c0BB80620106769adb071e3D99514,"490,000,000,000,000,000,000.00",$98.00,490.00
0xCB4a517D2AEffe28075A792E9788e07B2810B1D9,"1,080,000,000,000,000,000,000.00",$216.00,"1,080.00"
0x31CA4E0b2c5C67071EbCFF8fcD50B749960D52c8,"415,000,000,000,000,000,000.00",$83.00,415.00
0xB600FE7B0Cd310EAd3dCd96e157D19B21b5b4E57,"1,865,000,000,000,000,000,000.00",$373.00,"1,865.00"
0x9e78Bc9d059AbDc9D03a6335c4E9eBdBcff7A859,"1,535,000,000,000,000,000,000.00",$307.00,"1,535.00"
0xd7dB5dC84b423ec97A883a5690C26DE3D121B447,"1,085,000,000,000,000,000,000.00",$217.00,"1,085.00"
0x215ddfc211183421ec785bb93cd27f1feafcce5f,"300,000,000,000,000,000,000.00",$60.00,300.00
0xccedc483C4f46FB86c3fD70AF29CD4eE25Ca9BB0,"1,425,000,000,000,000,000,000.00",$285.00,"1,425.00"
0xC1fa3b3ed71e72358125844b03C94519cdE71eae,"910,000,000,000,000,000,000.00",$182.00,910.00
0x158FbcFf37f2BF6ceCCC6c5F1e95f0B25314A381,"2,595,000,000,000,000,000,000.00",$519.00,"2,595.00"
0xA355394037Bf096ba15f5149C38D3437CC4e7488,"910,000,000,000,000,000,000.00",$182.00,910.00
0x4c52B6C0a1b1277bFd2C968Aa0b35D66cC86e037,"645,000,000,000,000,000,000.00",$129.00,645.00
0x2019BeE0C753F7A99b46719dC2b80699cD0d1d24,"610,000,000,000,000,000,000.00",$122.00,610.00
0x61D5f921c2912C83641BD4E094c462af17A8f7c3,"2,860,000,000,000,000,000,000.00",$572.00,"2,860.00"
0x4fA6b2504858Cb74b2B7BE84E4a17CcFc34cA247,"2,665,000,000,000,000,000,000.00",$533.00,"2,665.00"
0x879B0cE8731D5B7db928e22842060d1d2ca89c2c,"1,930,000,000,000,000,000,000.00",$386.00,"1,930.00"
0x6F5A78aF8EadA3a437899B4c85B1Bc48eFD6b6a9,"2,685,000,000,000,000,000,000.00",$537.00,"2,685.00"
0x17d94BeD853B43F5Bc7F460Baeb8E010885B0FaA,"2,590,000,000,000,000,000,000.00",$518.00,"2,590.00"
0xe1350F4924A5fcD55550EC6f503683cBe1d46230,"2,640,000,000,000,000,000,000.00",$528.00,"2,640.00"
0x9cb0F49081BeA4fDe9b5B0B09317991AF38368Fd,"1,065,000,000,000,000,000,000.00",$213.00,"1,065.00"
0xc0B3aaa8551f87E8c3636dd819eAbaC66f421418,"1,015,000,000,000,000,000,000.00",$203.00,"1,015.00"
0x2E0c166b9D698D724C9c0aD1FD333BD6B1D4813F,"2,595,000,000,000,000,000,000.00",$519.00,"2,595.00"
0xacb88aeEFfEc1E0E4f65FD1de4347dB5e32038A0,"1,660,000,000,000,000,000,000.00",$332.00,"1,660.00"
0x1BFA97D7a7B0F168bC05d03DEcf8203DCAb53BEC,"2,895,000,000,000,000,000,000.00",$579.00,"2,895.00"
0x3b10a9ab071d16646398c16d6d52009e637f24ed,"845,000,000,000,000,000,000.00",$169.00,845.00
0xE735C0BA61DdC7E05601a6f5b5cD2EFE2E78D82D,"1,170,000,000,000,000,000,000.00",$234.00,"1,170.00"
0x633b553ea08809a4c8d4e741a7d82c34b3b99476,"285,000,000,000,000,000,000.00",$57.00,285.00
0xbcf4f4ecf7feb3ede1b6449796cba301adc69934,"280,000,000,000,000,000,000.00",$56.00,280.00
0x42bb0504ae7a43c5b987cbcfd13d0a10d30c8053,"1,000,000,000,000,000,000,000.00",$200.00,"1,000.00"
0x1FF2cBC6C285403D5EF1B971D3CBb91CF0996Ee9,"645,000,000,000,000,000,000.00",$129.00,645.00
0x8F999139e4DB97AbFc16BC7bF6b6E1B6413D9c91,"820,000,000,000,000,000,000.00",$164.00,820.00
0x5A72f7A7F4c3A03446D7420684331a18Bf55f079,"690,000,000,000,000,000,000.00",$138.00,690.00
0xA470DdF1567132cD66C67eA9E4aa6f4fADaA3465,"880,000,000,000,000,000,000.00",$176.00,880.00
0x009093A305629b49D1cF41282280F7f67EdE8537,"730,000,000,000,000,000,000.00",$146.00,730.00
0x90Cdd255b5aEbc6e50C71E3c5069B8A0fe420ECA,"2,685,000,000,000,000,000,000.00",$537.00,"2,685.00"
0xa3b6d9B40DedDaDC0B0A061C25820aa14D9706A2,"1,800,000,000,000,000,000,000.00",$360.00,"1,800.00"
0x862AC2546Fb7D21f05D2780C65eeBfe5aE21e29D,"1,630,000,000,000,000,000,000.00",$326.00,"1,630.00"
0xEAa8A1b4F714Ad26731a49F49EBb40BC4584a451,"2,950,000,000,000,000,000,000.00",$590.00,"2,950.00"
0x1F27ea98e0275f9316f83940FF04A3752119dbd9,"1,495,000,000,000,000,000,000.00",$299.00,"1,495.00"
0x70E93A533bfe2F2d357E85f0b7d1BAD611a40C62,"1,830,000,000,000,000,000,000.00",$366.00,"1,830.00"
0x806eb4253261F34e03fb552C04c9D66912F6753d,"745,000,000,000,000,000,000.00",$149.00,745.00
0x8Ab1dD89e425Ce40fc1e5bF232836B6113579B8A,"2,565,000,000,000,000,000,000.00",$513.00,"2,565.00"
0x1E7Ec8D35e62390F777DbC5ae405410047A24507,"2,640,000,000,000,000,000,000.00",$528.00,"2,640.00"
0x77EB64c3E2EE7e2399C0d97A2018E96B782D7b2F,"2,830,000,000,000,000,000,000.00",$566.00,"2,830.00"
0xC00952e4Cc4c94A4B066EF6679C50083EeFB0352,"3,000,000,000,000,000,000,000.00",$600.00,"3,000.00"
0x24FD4bF7C5C1e36CEd32F6Ec10be070b3FE6Cbb0,"975,000,000,000,000,000,000.00",$195.00,975.00
0xD35B54bCc6d2C8d53d6F9C6bD8901E5a18b296d7,"3,120,000,000,000,000,000,000.00",$624.00,"3,120.00"
0x28C20BD8DA46BE2d103Ae1cc2f7aBB262eE33187,"2,580,000,000,000,000,000,000.00",$516.00,"2,580.00"
0x17f6594F054787d5283B7608B9d4122Bf38B73B3,"2,425,000,000,000,000,000,000.00",$485.00,"2,425.00"
0x10f0A14431856EC12374B3b4ec1222D71ddDD265,"735,000,000,000,000,000,000.00",$147.00,735.00
0x4b1AFe7A5E51ad3166ED1159e56F34923505C364,"2,515,000,000,000,000,000,000.00",$503.00,"2,515.00"
0xA7a0AD990C7E94bE94e0912E7fd0fB4295e33c96,"1,440,000,000,000,000,000,000.00",$288.00,"1,440.00"
0xd87cC48ac0F4132757886fABCfb8F05E5201653C,"1,920,000,000,000,000,000,000.00",$384.00,"1,920.00"
0xDfaf8d376A5A16C47B6D6eB9c2F8d4f2CAb43dA9,"2,400,000,000,000,000,000,000.00",$480.00,"2,400.00"
0x2cdB3d86384812E1ACCd101771Ec3d5ed1E3be62,"2,935,000,000,000,000,000,000.00",$587.00,"2,935.00"
0xF8b14b35d7741b73Aa0938998BB9Fbe7274FCe74,"660,000,000,000,000,000,000.00",$132.00,660.00
0x397B4FD4ad5862A9C27281EBd352EaFeC27b9f38,"1,620,000,000,000,000,000,000.00",$324.00,"1,620.00"
0xE265487dffC0910397706D806cDA02522F5e69Bb,"625,000,000,000,000,000,000.00",$125.00,625.00
0xc88d88EBfa430c0326a5Bcd1Ae3A502967dFeB96,"1,945,000,000,000,000,000,000.00",$389.00,"1,945.00"
0x6A8FC02AFFC6E2747C669e5f3892E77985462ff5,"2,410,000,000,000,000,000,000.00",$482.00,"2,410.00"
0x6dBdc85CE1b086cEf441568bfBE58e755a429eed,"2,800,000,000,000,000,000,000.00",$560.00,"2,800.00"
0x90E343A7c9EeaFd65b230a489B72ABbcebed1E75,"1,665,000,000,000,000,000,000.00",$333.00,"1,665.00"
0x5257EcBF7af27D8487dfE1C0B47C0Ac1E8CDe155,"4,650,000,000,000,000,000,000.00",$930.00,"4,650.00"
0xaa0422277Eb92329d9F859221B15Abc40ccC5eDf,"3,210,000,000,000,000,000,000.00",$642.00,"3,210.00"
0xA546585c05386Dc1211b70297894e8A0F21FAB40,"3,745,000,000,000,000,000,000.00",$749.00,"3,745.00"
0xd12Adce792124F932B1232B3B6a8dF7cb5805D9B,"4,560,000,000,000,000,000,000.00",$912.00,"4,560.00"
0xd24a271574Ad0DaB201D01f96a6C5c48DE12C439,"2,305,000,000,000,000,000,000.00",$461.00,"2,305.00"
0xc6322218553B039cc151CCbd98B032dF25ABfE3d,"1,630,000,000,000,000,000,000.00",$326.00,"1,630.00"
0x88912c89ADDf4fB567EEeE7A666609e647b20381,"2,745,000,000,000,000,000,000.00",$549.00,"2,745.00"
0xA8CE8865d4470B384bfB70ba99AD315a149826fa,"7,335,000,000,000,000,000,000.00","$1,467.00","7,335.00"
0x066a2E7b73F589cE2A07dD0FDDA1f16C25097daC,"9,160,000,000,000,000,000,000.00","$1,832.00","9,160.00"
0xdf284292369dc38c8BF8aDD925E4E7aDC4e82425,"4,045,000,000,000,000,000,000.00",$809.00,"4,045.00"
0x56A6146bF64C6AB412Ba51691E058cFAa7FF64a9,"3,415,000,000,000,000,000,000.00",$683.00,"3,415.00"
0xdFD68667bC4ffb512E1155B7099E53f61B5691Bc,"2,710,000,000,000,000,000,000.00",$542.00,"2,710.00"
0x5233d0b1c1D150c760490502b67C1CD65a1894C2,"6,490,000,000,000,000,000,000.00","$1,298.00","6,490.00"
0x56B4D61a4FFaF33498fc0543519b4FF94e2814EE,"3,000,000,000,000,000,000,000.00",$600.00,"3,000.00"
0x35147257766875c0fF0Ad477F2caEE64ffB2A48F,"8,500,000,000,000,000,000,000.00","$1,700.00","8,500.00"
0x40A28db135eEc83744237f8686b160c56B55dC4B,"9,895,000,000,000,000,000,000.00","$1,979.00","9,895.00"
0x4Ed60A0a38042bDF9098C32194DE9f4F71b28bD1,"7,800,000,000,000,000,000,000.00","$1,560.00","7,800.00"
0x936667C7cc6D61D97FC4924A36e356eeFd719A76,"7,045,000,000,000,000,000,000.00","$1,409.00","7,045.00"
0x744736e77B00d152A9Cc4B252e678D2fc084dEdC,"5,685,000,000,000,000,000,000.00","$1,137.00","5,685.00"
0xD94Ab81ffb5C2E69D2004C7F671d043fb4065116,"6,715,000,000,000,000,000,000.00","$1,343.00","6,715.00"
0x19C263B900bA8ede3F333494ceD498B7A211A69f,"3,780,000,000,000,000,000,000.00",$756.00,"3,780.00"
0xcFfa3075DdB3cbDFcfEfDb4146F1801DDf6555a0,"265,000,000,000,000,000,000.00",$53.00,265.00
0xb8aDa46639073A27a79f44Fa75Ed20dd1596C809,"6,040,000,000,000,000,000,000.00","$1,208.00","6,040.00"
0x7065754192394eaB73D3E8Cfb644A80B539B6e2a,"9,495,000,000,000,000,000,000.00","$1,899.00","9,495.00"
0x57427A079B0Dc13144cD8D87b4224fA358599819,"3,040,000,000,000,000,000,000.00",$608.00,"3,040.00"
0x47b33e5fb9bc2B432F0bd2F400e556a3d405E7c8,"2,415,000,000,000,000,000,000.00",$483.00,"2,415.00"
0xf84BaA8E85EB9fc5f90481635e0b7908791D8834,"5,145,000,000,000,000,000,000.00","$1,029.00","5,145.00"
0x379F6A0112c11B1558e4fB3b686C70530c2D9DAf,"10,870,000,000,000,000,000,000.00","$2,174.00","10,870.00"
0xB8CBF46317EB190321AfB880cEa1827977a2Ce40,"6,870,000,000,000,000,000,000.00","$1,374.00","6,870.00"
0x8d531eB1553B6Ac86DA9B5653CDe95F7518da856,"9,315,000,000,000,000,000,000.00","$1,863.00","9,315.00"
0x616D6a35529C1767DF238693Ac01Ee5Bc6f839C6,"4,515,000,000,000,000,000,000.00",$903.00,"4,515.00"
0xE43468b3471C469b92039FC1fDEc4A9a39E13161,"4,695,000,000,000,000,000,000.00",$939.00,"4,695.00"
0xA01d0D21D1032f91dD4fA451cA2D10E9F477DA1b,"5,715,000,000,000,000,000,000.00","$1,143.00","5,715.00"
0x479e73EB164a6Ff1Ef23838aCa42dDdca590D81f,"11,245,000,000,000,000,000,000.00","$2,249.00","11,245.00"
0x73Ffc1a0c28e16575539B2d1B2BB1f89Cc480510,"1,950,000,000,000,000,000,000.00",$390.00,"1,950.00"
0xC72c2f6a722f2a68403Bc02969465695Ae8e67d2,"9,765,000,000,000,000,000,000.00","$1,953.00","9,765.00"
0x872bb91018E63a95c4a413B4B9536a82620B11B2,"660,000,000,000,000,000,000.00",$132.00,660.00
0x5A82a45a8f48df61A8B65dAf61FD8A5a285a2D8e,"9,795,000,000,000,000,000,000.00","$1,959.00","9,795.00"
0xb5db3dc6B69Ebe9bb328eDa377467182caF6721E,"7,300,000,000,000,000,000,000.00","$1,460.00","7,300.00"
0x5E937007Fc9dDE0e4f27D267BC40C418c29fbbF8,"2,850,000,000,000,000,000,000.00",$570.00,"2,850.00"
0x3d3a23772C68aE79Ae88A1C344dFE3700a9643Aa,"8,905,000,000,000,000,000,000.00","$1,781.00","8,905.00"
0x0b055465ce3092ed289f1A8bDA3c6475288D1c71,"6,105,000,000,000,000,000,000.00","$1,221.00","6,105.00"
0x1cac233a7bc2B00E55b064225b4F641Bb2841E8b,"4,230,000,000,000,000,000,000.00",$846.00,"4,230.00"
0xCf87Fb0F9F2B58F6AE0d565d7f7925651262cd3f,"7,735,000,000,000,000,000,000.00","$1,547.00","7,735.00"
0x99ea01ca1d79CcA6CAF692AF1Ef2B910e57316eB,"3,175,000,000,000,000,000,000.00",$635.00,"3,175.00"
0x6eec4B4Fa5AF846c01f034a11736Bf4bD6AEDc66,"4,950,000,000,000,000,000,000.00",$990.00,"4,950.00"
0x4c6784229cec3009285674bb2B7A84dCFb311f3e,"475,000,000,000,000,000,000.00",$95.00,475.00
0x349633dbee2ae1f138dbf1b04a239eb33dd7a457,"3,000,000,000,000,000,000,000.00",$600.00,"3,000.00"
0xe3af998ba2c3825c8d03cf564baf349494d8088b,"2,500,000,000,000,000,000,000.00",$500.00,"2,500.00"
0xa355b14071040dba9f8de2e991cb1a8d2025b998,"495,000,000,000,000,000,000.00",$99.00,495.00
0xbEC3e37202AC0fCF27cB8CbC475CdCFA3e577865,"3,275,000,000,000,000,000,000.00",$655.00,"3,275.00"
0xC39db3b2cfbFeEAc7B23d5229F8c33668BfA8b2D,"3,435,000,000,000,000,000,000.00",$687.00,"3,435.00"
0xb5ABF0c9A16ef579ecDEB9a72242f14f86b61486,"3,415,000,000,000,000,000,000.00",$683.00,"3,415.00"
0x182aBAFc5Aa6f7414fa79b22ADe91083D3CFFB15,"2,020,000,000,000,000,000,000.00",$404.00,"2,020.00"
0x57C77023E05D6C3b9aa3260924a5314c8D1170e5,"2,325,000,000,000,000,000,000.00",$465.00,"2,325.00"
0x79c6D6d0762C64F2065a5a20D37D20E582fa24eD,"2,035,000,000,000,000,000,000.00",$407.00,"2,035.00"
0xDfcCF52EC187FA0565c59d255B85ff39dD717b76,"2,730,000,000,000,000,000,000.00",$546.00,"2,730.00"
0x203f2d9c7ddC349d271388329ac8fC879226dceA,"3,120,000,000,000,000,000,000.00",$624.00,"3,120.00"
0xE6d8d5a6Aed50F6c6399bd82208c391866CE6f13,"3,370,000,000,000,000,000,000.00",$674.00,"3,370.00"
0xdb69854513f720EbB5BF2d60f81760E189ed2844,"3,420,000,000,000,000,000,000.00",$684.00,"3,420.00"
0x94c9A2F78786EA7f5Bd6641A1E4bF75118209763,"1,580,000,000,000,000,000,000.00",$316.00,"1,580.00"
0xC949ee5b6593f1739A8a6BbBe66C9e567B314230,"3,490,000,000,000,000,000,000.00",$698.00,"3,490.00"
0xc5b41acfc608b493A0124Cb46ea6C57Cd58AE2a0,"2,490,000,000,000,000,000,000.00",$498.00,"2,490.00"
0x261ce580c24F82aaa4a44d33682169327B49d39d,"2,115,000,000,000,000,000,000.00",$423.00,"2,115.00"
0xB54AA6111F7046596111bcAa98e7A9e9dcEcbC60,"2,265,000,000,000,000,000,000.00",$453.00,"2,265.00"
0x69D4BC54e374E6c6191296974EA9eF430a2767C9,"2,930,000,000,000,000,000,000.00",$586.00,"2,930.00"
0x1ec0e9169c312031A78156039e807B3d06eee3e0,"2,490,000,000,000,000,000,000.00",$498.00,"2,490.00"
0x0B6fAaFe8e8120C5235288F40c43bd6B9e311AF7,"4,425,000,000,000,000,000,000.00",$885.00,"4,425.00"
0x35bC526F75c6Ac14e8A92e98b7Be77e6064Ed81d,"3,885,000,000,000,000,000,000.00",$777.00,"3,885.00"
0xf18db41eabe652befd8db3df08a756F861dF95E8,"4,115,000,000,000,000,000,000.00",$823.00,"4,115.00"
0x915520FD21DBdFf628087453dd758151Fd23c3ed,"1,670,000,000,000,000,000,000.00",$334.00,"1,670.00"
0xd07875A91A71a83eA4aBC667afDf9cf44761B610,"2,950,000,000,000,000,000,000.00",$590.00,"2,950.00"
0x93ab9483c2fbD21934146526c8E93A344e4Cc6c6,"4,160,000,000,000,000,000,000.00",$832.00,"4,160.00"
0xe05A97B71B29EA275406c0f85F3697b6b015190a,"1,935,000,000,000,000,000,000.00",$387.00,"1,935.00"
0xDcf6eE32314fb7402C11118B13463E1A4Dc689Ca,"2,160,000,000,000,000,000,000.00",$432.00,"2,160.00"
0x0eBb5b9fC2c54Bc9650B39C8D0EE674F26C0c91c,"2,755,000,000,000,000,000,000.00",$551.00,"2,755.00"
0xEaC24C406A0bC3Da98De5B999353Cd910dE70928,"3,335,000,000,000,000,000,000.00",$667.00,"3,335.00"
0xeb871F5dBdbfB5C7F1465E9F8A349E6317177814,"4,490,000,000,000,000,000,000.00",$898.00,"4,490.00"
0x1Fa9bFcC739d5a7698144A2E5591fD232D6FeB40,"1,715,000,000,000,000,000,000.00",$343.00,"1,715.00"
0x1De2b8096F9bf02d3A35C7e008bb3058ED1CD498,"3,485,000,000,000,000,000,000.00",$697.00,"3,485.00"
0x6aA35d12A5d8C0B819DBD2F6419b0407d839F1A9,"2,215,000,000,000,000,000,000.00",$443.00,"2,215.00"
0x9B0FFC7da3EaD9B5a5a0E9BDF536ac8Bb0adde78,"2,160,000,000,000,000,000,000.00",$432.00,"2,160.00"
0x5FC8C60e61FFb16033e733241128ca355deC8bf2,"3,290,000,000,000,000,000,000.00",$658.00,"3,290.00"
0x3476904770B481c2005a164a541fa1f4e31e9E91,"2,725,000,000,000,000,000,000.00",$545.00,"2,725.00"
0x0216fa36b47Ec223801794c9f4B9d0A03c50214E,"4,360,000,000,000,000,000,000.00",$872.00,"4,360.00"
0x06035D11F48c05094bE203954e56B448373A9948,"2,315,000,000,000,000,000,000.00",$463.00,"2,315.00"
0x62fAD23EbD546ab59Da66A13B20F6EE314719C15,"2,495,000,000,000,000,000,000.00",$499.00,"2,495.00"
0xb6F14D6BCe254f935A7E704049630CDcD6bA8Da0,"2,770,000,000,000,000,000,000.00",$554.00,"2,770.00"
0xf669Ff1575b12d3727CCe89962Ac625A8d125184,"4,155,000,000,000,000,000,000.00",$831.00,"4,155.00"
0x3eF016b9ff987CAb699842c69708c6B8380e4dA4,"3,295,000,000,000,000,000,000.00",$659.00,"3,295.00"
0xEFe9053323B2919093B834897B939D26716B26B8,"3,910,000,000,000,000,000,000.00",$782.00,"3,910.00"
0x055a9A8D3Eb72577De114e05f5f470a93CDF4bb4,"2,955,000,000,000,000,000,000.00",$591.00,"2,955.00"
0x8a90F0572787C48DC226FEa39f607E9F4798F9f2,"1,995,000,000,000,000,000,000.00",$399.00,"1,995.00"
0xC0af3C65002331EB0394C2246459F14c359758a8,"3,035,000,000,000,000,000,000.00",$607.00,"3,035.00"
0x32A2aB6346133623Ff3c986e89e4637E57b5471f,"3,410,000,000,000,000,000,000.00",$682.00,"3,410.00"
0xA8085EcaEf8D32e40d4362Ec6158E0bE55DBe831,"3,210,000,000,000,000,000,000.00",$642.00,"3,210.00"
0x1926674094935c81097630aA7a79A23f1bFCF78C,"4,170,000,000,000,000,000,000.00",$834.00,"4,170.00"
0x5D5D3eC40eD400A04a41b977d5BCEf3f97D49C6d,"4,315,000,000,000,000,000,000.00",$863.00,"4,315.00"
0xc82001224216Ddf7708465bA3888F7C981f9237E,"1,885,000,000,000,000,000,000.00",$377.00,"1,885.00"
0x39BA848F5395D48b062e27A7700773F44f670c23,"3,500,000,000,000,000,000,000.00",$700.00,"3,500.00"
0xe97100dd9f1a732992bde4eaf206cca97a1fd57f,"250,000,000,000,000,000,000.00",$50.00,250.00
0x1171426b52a3f1e211e1d1adfc82cadfda8d9093,"25,000,000,000,000,000,000,000.00","$5,000.00","25,000.00"
0xabea0af535b004364848b992b5e44d929deb047f,"15,000,000,000,000,000,000,000.00","$3,000.00","15,000.00"
0x8da18e320f629cafde27abbdfeee6f3e878b4cc7,"15,000,000,000,000,000,000,000.00","$3,000.00","15,000.00"
0x6ea7fceb0a2c0bc51652d5530ab4f07c2e9d9d1d,"10,000,000,000,000,000,000,000.00","$2,000.00","10,000.00"
0x15622b3156e73167b0dea638008a829a0f433edc,"9,500,000,000,000,000,000,000.00","$1,900.00","9,500.00"
0xdecfc7351961483e3ced4792af48ff7efb387d39,"25,000,000,000,000,000,000,000.00","$5,000.00","25,000.00"
0xee73afd901dfa3caefa1cb51dea6159538c88b7b,"25,000,000,000,000,000,000,000.00","$5,000.00","25,000.00"
0x1a4302dc8bf28587bd3b0b4778cd3f382b29e646,"25,000,000,000,000,000,000,000.00","$5,000.00","25,000.00"
0xe499448fd86c91e041dc669e09f4dc4a4bbea605,"25,000,000,000,000,000,000,000.00","$5,000.00","25,000.00"
0x68fe637ca877404c8702d0a95d9f2e7b82f9b5ed,"20,500,000,000,000,000,000,000.00","$4,100.00","20,500.00"
0x7e100aeb2409598231ceea50226cbc5261589942,"25,000,000,000,000,000,000,000.00","$5,000.00","25,000.00"
0x12784dd9c22604805fa12bc47993ce9fd148cca8,"15,000,000,000,000,000,000,000.00","$3,000.00","15,000.00"
0xcdca3c9f538167f36ca493ea9996de93a8d786f1,"15,000,000,000,000,000,000,000.00","$3,000.00","15,000.00"
0xeeb001383df4edd4bd004fc37a42458c70fa3171,"25,000,000,000,000,000,000,000.00","$5,000.00","25,000.00"
0x4b70b870182f65e43e7413ec33878015eab7e7ff,"3,970,000,000,000,000,000,000.00",$794.00,"3,970.00"
0x8f4714060188f4b878739f72228f5d7451f18589,"500,000,000,000,000,000,000.00",$100.00,500.00
0x359473d0c608c26c79673796391dd76ac7bc045e,"505,000,000,000,000,000,000.00",$101.00,505.00
0xc9ae89fc25b0785cdf163bdda6d01d1303454404,"250,000,000,000,000,000,000.00",$50.00,250.00
0x4d882254cf5a6eac3253193fafc47b3da0baead0,"290,000,000,000,000,000,000.00",$58.00,290.00
0x8dd5ae5c1476029549e9e931c187b88d61b21493,"260,000,000,000,000,000,000.00",$52.00,260.00
0x9a5De09Ca14a6BD3d5a892b227CB5721E603a8AE,"3,285,000,000,000,000,000,000.00",$657.00,"3,285.00"
0x55359f1fF50CaCffEFfB18f5cA2408A56687f3DD,"4,080,000,000,000,000,000,000.00",$816.00,"4,080.00"
0x8406cC7e76E92B0f2196dF6646DD11234F8bDB99,"1,405,000,000,000,000,000,000.00",$281.00,"1,405.00"
0xf15E786Ff2E2641886c0C3E4c8E58D280dc6dc58,"1,895,000,000,000,000,000,000.00",$379.00,"1,895.00"
0xE1e029feD105A9D47cc935c182aeEd1f50ee4E0F,"1,435,000,000,000,000,000,000.00",$287.00,"1,435.00"
0x56363A146510f668371A56F566d0B34A54Ee689C,"3,285,000,000,000,000,000,000.00",$657.00,"3,285.00"
0xE4641C8a85042b899f1a3863B6FF6fe2E93E77C0,"1,615,000,000,000,000,000,000.00",$323.00,"1,615.00"
0xdF20bD2b3F589D1dE01dfE34d576828338212573,"3,075,000,000,000,000,000,000.00",$615.00,"3,075.00"
0x2EE5c9E80772b4A6dFF13d72F38B788251a541FB,"1,510,000,000,000,000,000,000.00",$302.00,"1,510.00"
0xDddc0BB54D99c39228a31FCb20B0B808Fe350325,"4,200,000,000,000,000,000,000.00",$840.00,"4,200.00"
0x3e06411F2DBcE26C35143C8926F54aBDc4e3c303,"2,165,000,000,000,000,000,000.00",$433.00,"2,165.00"
0xD89A71039D0917b7991f9bA9a18159956240807F,"1,075,000,000,000,000,000,000.00",$215.00,"1,075.00"
0x60aD117D7dC479c120a20050feA57231ED0C623a,"2,780,000,000,000,000,000,000.00",$556.00,"2,780.00"
0x265Cd9f5Dc19366B1347A21f472ca90B6A3D4D3D,"2,615,000,000,000,000,000,000.00",$523.00,"2,615.00"
0xedCC59FC4FdFfC7929eD281920a571ec83cd2883,"1,080,000,000,000,000,000,000.00",$216.00,"1,080.00"
0x3AEAa3aFee3bD8A2e9167f14Ec65d660F3112f75,"1,665,000,000,000,000,000,000.00",$333.00,"1,665.00"
0xE59aF9FB037B3310Ee89e5a5aDcf72edc01Dc3E7,"1,270,000,000,000,000,000,000.00",$254.00,"1,270.00"
0x78f813c196fF73098c512817078Ef79d7D1d2eB1,"2,250,000,000,000,000,000,000.00",$450.00,"2,250.00"
0xaD219cce104f45E9276D779C627d6c45BA0276B4,"3,065,000,000,000,000,000,000.00",$613.00,"3,065.00"
0xBC662Db993c98E1CedCF170151F6bFf4b6cb3954,"3,475,000,000,000,000,000,000.00",$695.00,"3,475.00"
0xb48eD2Bf5d515aDa180b9823ce4E5D0B81449336,"1,295,000,000,000,000,000,000.00",$259.00,"1,295.00"
0xA1f3aBD4e65B72109bF38AbAc736049f73c6cc83,"1,725,000,000,000,000,000,000.00",$345.00,"1,725.00"
0x722eECf67b54dcb58e23A70F79C093e57a5B332d,"4,040,000,000,000,000,000,000.00",$808.00,"4,040.00"
0xc93Ee15B8d25692dB7CE793257DcA10E68Bba91b,"2,465,000,000,000,000,000,000.00",$493.00,"2,465.00"
0x7aE27473c287BF703cb6a0D495D6314F092D4893,"2,525,000,000,000,000,000,000.00",$505.00,"2,525.00"
0xDEC98e38b9d1aEcCe753154420A67d4F012f0d79,"2,745,000,000,000,000,000,000.00",$549.00,"2,745.00"
0x6cd64bA6750E90C64687497F63530957Ed069b34,"1,410,000,000,000,000,000,000.00",$282.00,"1,410.00"
0xA94AF36bdD3313A23BC9247fde4726131efC1e3c,"1,070,000,000,000,000,000,000.00",$214.00,"1,070.00"
0x379fC2558E8a1514f7B8DB075bE568852C0cF269,"1,760,000,000,000,000,000,000.00",$352.00,"1,760.00"
0xa3c5E7931d435E441400882af42E7166aCd8f7f3,"3,940,000,000,000,000,000,000.00",$788.00,"3,940.00"
0xb915902dbf9d5B2d42555533C4065f9b820Ee982,"1,990,000,000,000,000,000,000.00",$398.00,"1,990.00"
0x725A854DC95d07749DeE8Bcc6C71D65c9AcA37DF,"1,420,000,000,000,000,000,000.00",$284.00,"1,420.00"
0xa872DdADdafDEA031f4b5D9E823B87050c431a61,"1,890,000,000,000,000,000,000.00",$378.00,"1,890.00"
0xbBB544179bdfba59Efa40F8C4d44d44AF873bD5A,"1,915,000,000,000,000,000,000.00",$383.00,"1,915.00"
0x490aAaa5719342e8396a7Bb8FCfEF1c30e95ea71,"2,275,000,000,000,000,000,000.00",$455.00,"2,275.00"
0xDC66c47C608383FDc7ef735f520aCBf85f15Be0A,"2,895,000,000,000,000,000,000.00",$579.00,"2,895.00"
0x53c1852e10CCA32b60b1d30F73335d70f695A46C,"2,095,000,000,000,000,000,000.00",$419.00,"2,095.00"
0x6DD7481778443b5D7C3A79f59fAfAAF543d2f11f,"2,715,000,000,000,000,000,000.00",$543.00,"2,715.00"
0x351B57FDB433693Eb2Ff0F0A3bDCfBA31d8a1b11,"2,095,000,000,000,000,000,000.00",$419.00,"2,095.00"
0xEE854817b07b7Ac42Ab26236ED29edA39139d799,"660,000,000,000,000,000,000.00",$132.00,660.00
0xC98DeEe6F2722D0BEbc949C01841e214d05706D2,"2,050,000,000,000,000,000,000.00",$410.00,"2,050.00"
0xbda607505909CF74a4ff004694716f17D4372954,"1,830,000,000,000,000,000,000.00",$366.00,"1,830.00"
0x5cAE2aD8EF296A2D02394f90cb5AB816D44e37e1,"520,000,000,000,000,000,000.00",$104.00,520.00
0x1c15230962486ad24F4a397117e29C8D54dE92Ec,"825,000,000,000,000,000,000.00",$165.00,825.00
0x652033844F161007B295C3dE825ae9BF3D33a9ec,"2,170,000,000,000,000,000,000.00",$434.00,"2,170.00"
0x1B1c491618DB98C796342D3E881695bf7E11AC80,"3,725,000,000,000,000,000,000.00",$745.00,"3,725.00"
0xb6d080B91cd5344c003d1dF4036E9D7A5086eDbe,"3,975,000,000,000,000,000,000.00",$795.00,"3,975.00"
0x0d09AC6c3B31eB3f235E4095FF1DEc0E36ba71D5,"1,320,000,000,000,000,000,000.00",$264.00,"1,320.00"
0xb683E999EDd22Fec5918aE162933aA307c4d9353,"3,485,000,000,000,000,000,000.00",$697.00,"3,485.00"
0x2026BFC6e9F6a9c93F81b153fEC7b6789e86F255,"1,070,000,000,000,000,000,000.00",$214.00,"1,070.00"
0x69d601Dd4D477C5b58b2Ea525d7f1BEc0165E3ec,"3,055,000,000,000,000,000,000.00",$611.00,"3,055.00"
0x05466280f49966303C9BE55eb543953A28e5794A,"2,765,000,000,000,000,000,000.00",$553.00,"2,765.00"
0x37006df96E360B9444bBB3c3c70c0588A1e79816,"2,725,000,000,000,000,000,000.00",$545.00,"2,725.00"
0xD393268C54d0179334e5f694Cf5af8f65fec6805,"1,810,000,000,000,000,000,000.00",$362.00,"1,810.00"
0x0D868C7f8347AD76C3ADf3d51C511361e5AAE7A0,"1,345,000,000,000,000,000,000.00",$269.00,"1,345.00"
0x0A23328450aBa5E1e10b48a29861858ec8A1Ccbd,"1,350,000,000,000,000,000,000.00",$270.00,"1,350.00"
0xe2cFF0D3e7c9B4305A81cf8fA68316f95C378033,"3,415,000,000,000,000,000,000.00",$683.00,"3,415.00"
0xfbA141E7e4aF6AF6dEbFb6107D3C6c433A76Dd21,"1,100,000,000,000,000,000,000.00",$220.00,"1,100.00"
0x9353D1aF6AfB515105365409486C19D8cA79d515,"2,075,000,000,000,000,000,000.00",$415.00,"2,075.00"
0x689b2e6506996BBd384221C3e394BBa3d13c0BF0,"1,530,000,000,000,000,000,000.00",$306.00,"1,530.00"
0xdff54A8c60cb3f2557e0a3C4B1a9e847BC68b23D,"895,000,000,000,000,000,000.00",$179.00,895.00
0x689200a19f7eCFDA20FDA91bF091fc390Eb3aD4C,"4,140,000,000,000,000,000,000.00",$828.00,"4,140.00"
0x955De607D3e8f9705B60aAc853D16132ba0206Ab,"3,625,000,000,000,000,000,000.00",$725.00,"3,625.00"
0x90b1Da789f53c47DB6B9A6804324Cf1A3E260E37,"1,925,000,000,000,000,000,000.00",$385.00,"1,925.00"
0x21F341EA06F1ef8349eA2a0733962Cdd196867d4,"1,140,000,000,000,000,000,000.00",$228.00,"1,140.00"
0x95102C61C5D23b71Dd9410b2bEB285efBC24c75b,"1,675,000,000,000,000,000,000.00",$335.00,"1,675.00"
0x3594a539506ac08E6DE6cdAE3Bdff8E84B08459b,"2,390,000,000,000,000,000,000.00",$478.00,"2,390.00"
0x584B8101f3825A6CEfca1A48c40615e124faF6c4,"3,610,000,000,000,000,000,000.00",$722.00,"3,610.00"
0xdC5De0cCBa7b9Bb70F6CB1B31f4650aB77a1f592,"1,770,000,000,000,000,000,000.00",$354.00,"1,770.00"
0xbE1E650b3b3BB3050150c2AE501c1918D13c22cb,"3,695,000,000,000,000,000,000.00",$739.00,"3,695.00"
0x78D4DBb05c5ec96fed048F66f48d3Af83AAa64B8,"2,460,000,000,000,000,000,000.00",$492.00,"2,460.00"
0x987Af8Ff5eAc859dE6c1120f1F464923BDd7A359,"1,980,000,000,000,000,000,000.00",$396.00,"1,980.00"
0xa9E146155b2015EEE571c9c7129645E514822732,"3,720,000,000,000,000,000,000.00",$744.00,"3,720.00"
0x444F7B9C64268D8bffa208BA4396536f53436c91,"3,365,000,000,000,000,000,000.00",$673.00,"3,365.00"
0x7D866Ba612163Ba81A2fa074Ed303E12AAd50f34,"1,565,000,000,000,000,000,000.00",$313.00,"1,565.00"
0x32B14cc1494E67caC4aB3d2e9Aa1Ab19995ddCaD,"3,185,000,000,000,000,000,000.00",$637.00,"3,185.00"
0x59e96ca73B89C473Bc51B8c51d00410036d1736A,"1,950,000,000,000,000,000,000.00",$390.00,"1,950.00"
0x15b206CFcF0310e2830f5632a39122d152B17B07,"3,890,000,000,000,000,000,000.00",$778.00,"3,890.00"
0xCFD7eCF5199299706e6a57913e297ff5C92f0DEb,"4,115,000,000,000,000,000,000.00",$823.00,"4,115.00"
0x36fC9BCf13A329C360dbc80e2d6d718D93B97E55,"795,000,000,000,000,000,000.00",$159.00,795.00
0xF36dE5636e89e70985eDbb996E6670409D40a732,"1,470,000,000,000,000,000,000.00",$294.00,"1,470.00"
0xF38cDa33beE2Ca7A9feCf53AaDcAce3CFb1a9fe0,"1,770,000,000,000,000,000,000.00",$354.00,"1,770.00"
0x90c35919d63dE24A48b16e61e30d768698d3C625,"1,470,000,000,000,000,000,000.00",$294.00,"1,470.00"
0x650f26eE7D7f631fda88Bb94E3BAE412A1Bc5D83,"3,835,000,000,000,000,000,000.00",$767.00,"3,835.00"
0x1065012653A00028b584490d9dA5cB64aBce1A67,"820,000,000,000,000,000,000.00",$164.00,820.00
0x8828539B32Ef6631B100D4Bd1fAB03b98031D236,"1,420,000,000,000,000,000,000.00",$284.00,"1,420.00"
0xc2D813DCE8A450E6E50E674568d97a5dcF32f724,"2,115,000,000,000,000,000,000.00",$423.00,"2,115.00"
0x319Fc7fAA12e313F765Ec7effE7E42154F02611e,"3,635,000,000,000,000,000,000.00",$727.00,"3,635.00"
0x802812c17f43E4839CC2B099D472CFb6F8D5BC02,"2,330,000,000,000,000,000,000.00",$466.00,"2,330.00"
0xAC1c1AE4863eDd7e9211C47FE90952e55C3EeF59,"1,245,000,000,000,000,000,000.00",$249.00,"1,245.00"
0x370306b801F14Fe7144f0cBe6EE1ae4e0194d876,"1,365,000,000,000,000,000,000.00",$273.00,"1,365.00"
0x8911403d0F8Eafeec0BfD30c538Aa4702451c435,"3,220,000,000,000,000,000,000.00",$644.00,"3,220.00"
0x382C5728606eb61D6740A3a689CAe18eC9B3d90e,"2,350,000,000,000,000,000,000.00",$470.00,"2,350.00"
0x1FC6671aC8B38D597Ec2cd8aABB502EFaFF73EbF,"1,220,000,000,000,000,000,000.00",$244.00,"1,220.00"
0x47713B9C23006eefF522CB691E87316587b235aF,"2,880,000,000,000,000,000,000.00",$576.00,"2,880.00"
0xE599A7165bFD554b695f3e02C063A14F819a6A16,"2,970,000,000,000,000,000,000.00",$594.00,"2,970.00"
0xe7398BF9f275146168C57C065f952eb9e330113C,"3,975,000,000,000,000,000,000.00",$795.00,"3,975.00"
0x21c38DdF4FE8EF64E0AB60B7e348dfb75642Ef9D,"2,965,000,000,000,000,000,000.00",$593.00,"2,965.00"
0xa46102d9671dE464Db048e49F0A12c4433f60e34,"3,970,000,000,000,000,000,000.00",$794.00,"3,970.00"
0x7024144C94F0DdC4f75fC83DfcC6a27a94Fe3Bda,"3,770,000,000,000,000,000,000.00",$754.00,"3,770.00"
0x9aae9F30921063f8bd82AC908f7E5A6ed2Ca391B,"2,935,000,000,000,000,000,000.00",$587.00,"2,935.00"
0x9ae75e910773f1617Bae384b2468fb62b091ccc5,"3,475,000,000,000,000,000,000.00",$695.00,"3,475.00"
0xF294Aa465cB0ddDD63D08293893F7a8b94c5022b,"3,900,000,000,000,000,000,000.00",$780.00,"3,900.00"
0x5DFc1499de02C95f91549b9C34E726402d29e175,"4,155,000,000,000,000,000,000.00",$831.00,"4,155.00"
0x1d47D986F1FD25401bE798588D527606C3c4cA53,"2,035,000,000,000,000,000,000.00",$407.00,"2,035.00"
0x1cfa9e91CC0f08c097752d4a2FeceEDB158Ca8AB,"2,475,000,000,000,000,000,000.00",$495.00,"2,475.00"
0x895D4BB1De5c4C2B56aF08e5e7246165c8ffb6Aa,"2,015,000,000,000,000,000,000.00",$403.00,"2,015.00"
0x0A9d10738973A7A3A7BD52Ee177707758AC874b9,"4,440,000,000,000,000,000,000.00",$888.00,"4,440.00"
0x4FD5669fdD87821B27001e1427EC60ef835057cC,"4,180,000,000,000,000,000,000.00",$836.00,"4,180.00"
0x44733dd57E0F1913EEf77c8F97DD3094DaA04496,"1,855,000,000,000,000,000,000.00",$371.00,"1,855.00"
0x0EBfEb3E512d72D20986f767934d79253Bb2525b,"3,585,000,000,000,000,000,000.00",$717.00,"3,585.00"
0x0b493af26fa61e5ff84290ca934b7c85e3195505,"500,000,000,000,000,000,000.00",$100.00,500.00
0x40C96d499beb61bABC7eD9D9818f73e5395712E6,"1,645,000,000,000,000,000,000.00",$329.00,"1,645.00"
0x3057564C9c93aaDb3cC0a892daC268152D29D8aC,"3,465,000,000,000,000,000,000.00",$693.00,"3,465.00"
0x84fcA84FFf8e664259Ea0571818488EdB3cAE537,"3,650,000,000,000,000,000,000.00",$730.00,"3,650.00"
0x3a3a8e8722851c288e7be46b4254ce3b3afb09e2,"250,000,000,000,000,000,000.00",$50.00,250.00
0x717da21eC9C560Eeb52E56E8996924dA1cc0564e,"4,200,000,000,000,000,000,000.00",$840.00,"4,200.00"
0xEfAdF173df431803A83654AE5518B6856bb9e2Fa,"4,000,000,000,000,000,000,000.00",$800.00,"4,000.00"
0xa3909C2B41e8B624E1873Df4442158a537871c0f,"3,925,000,000,000,000,000,000.00",$785.00,"3,925.00"
0xE1C3CF49A6Aa29010276c453a523AB34922EEED4,"4,295,000,000,000,000,000,000.00",$859.00,"4,295.00"
0xA971FBD6200350642fDd4cDae7618f255C98B2e5,"4,545,000,000,000,000,000,000.00",$909.00,"4,545.00"
0x1C96EA48A58FE4786b20bA90D4765c59471A5fDa,"3,965,000,000,000,000,000,000.00",$793.00,"3,965.00"
0x5DE0dde2167d45f77eCB7F0d7d56dd2c2cB1d448,"3,085,000,000,000,000,000,000.00",$617.00,"3,085.00"
0x090084Ba630bC3664d0EAEE88c90ec27c7527543,"3,685,000,000,000,000,000,000.00",$737.00,"3,685.00"
0xB8872A977DB9DCC4cae9C6c55F3DEEE5D1919F01,"2,495,000,000,000,000,000,000.00",$499.00,"2,495.00"
0xdDA723E6fE92Fa28FE271DcCe6BCc81067Eca3A0,"1,835,000,000,000,000,000,000.00",$367.00,"1,835.00"
0xd3F1493E84Bd9D5a57F3EfA7B03ABF02f1dcB8CC,"1,905,000,000,000,000,000,000.00",$381.00,"1,905.00"
0xc46B3Dc8361fb35203d461170da7d81D7eEdE2a4,"1,770,000,000,000,000,000,000.00",$354.00,"1,770.00"
0xc1759A834d83dD01179Ba7c05F8235Ab73B74086,"4,515,000,000,000,000,000,000.00",$903.00,"4,515.00"
0x804b71175139fE6C1700c9E24c6303dD3fEDe3FD,"4,210,000,000,000,000,000,000.00",$842.00,"4,210.00"
0x35628028D289db6C3E94195Acf6883740b4cC5aD,"3,845,000,000,000,000,000,000.00",$769.00,"3,845.00"
0xa33D9708A32388cAFADD3BcA127d4de3Ed76Dfc5,"3,425,000,000,000,000,000,000.00",$685.00,"3,425.00"
0x18e25715f6A81D82ED8718f3774b4A87649a884e,"3,980,000,000,000,000,000,000.00",$796.00,"3,980.00"
0x62c9a316942CB4139ACFE58e0c270328cc1cD76D,"3,870,000,000,000,000,000,000.00",$774.00,"3,870.00"
0xE731644f54a9Eed5b71eF9a9D63250AC0A0a6AFa,"2,255,000,000,000,000,000,000.00",$451.00,"2,255.00"
0x0e6F26C9b39d7D8DD0e6d47288138c727A9BCf27,"1,815,000,000,000,000,000,000.00",$363.00,"1,815.00"
0x14f90EcC347266E622665143F6A9d95D1eBD09D8,"4,920,000,000,000,000,000,000.00",$984.00,"4,920.00"
0xb37c18f2878595f7775463b35b96d103b2067baa,"2,095,000,000,000,000,000,000.00",$419.00,"2,095.00"
0x21b5be89a99eacd0f82df6b3b9b079b1b89012a7,"1,955,000,000,000,000,000,000.00",$391.00,"1,955.00"
0xbbd9111ff9d0ad76d2d1681adc6b88c392a794f4,"250,000,000,000,000,000,000.00",$50.00,250.00
0x0fbb6985f5b868c32570129cad16e7a8f80fc755,"400,000,000,000,000,000,000.00",$80.00,400.00
0xe35464872c90cb3aa60fba4b4044578ed15ada5d,"250,000,000,000,000,000,000.00",$50.00,250.00
0x1792c0b2b25e70e902b5d2c9db92ca94eefaa576,"1,280,000,000,000,000,000,000.00",$256.00,"1,280.00"
0xFFda58a882138Faac642d3605524D6488567240f,"4,995,000,000,000,000,000,000.00",$999.00,"4,995.00"
0xdF40154E3B67925661cDd3c6Bc801a4A2E021d0F,"5,995,000,000,000,000,000,000.00","$1,199.00","5,995.00"
0xdEa1ce9A1E29D81c11A95aEcB88B47C4EC532B23,"18,995,000,000,000,000,000,000.00","$3,799.00","18,995.00"
0x2A1A7ad28e3706eF316fE7FeA704C93eF2E8310a,"8,995,000,000,000,000,000,000.00","$1,799.00","8,995.00"
0xF87E421F5EAc2d78723BD8ECCe5958Aa2873C6E5,"17,250,000,000,000,000,000,000.00","$3,450.00","17,250.00"
0xdd9f8395b65d5195b4e2152de3c803c8e3797d5c,"300,000,000,000,000,000,000.00",$60.00,300.00
0x8aa739bdd34527fbaa36e50e9d547a481c1c7204,"250,000,000,000,000,000,000.00",$50.00,250.00
0x45d993393f7b3fe781935e1155118c7f830d4415,"250,000,000,000,000,000,000.00",$50.00,250.00
0x1729b1a9ba897bab353bd386b80c5b4c6cde2758,"250,000,000,000,000,000,000.00",$50.00,250.00
0x73bb185df8c7ddc130f594e0fcdc0297658b51cf,"500,000,000,000,000,000,000.00",$100.00,500.00
0x2b6ac111565b8161b29fe577805fde9e0d6d0f08,"745,000,000,000,000,000,000.00",$149.00,745.00
,"1,999,998,100,000,000,000,000,000.00","$399,999.62","1,999,998.10"